Student ID,First Name,Last Name,CNIC,Email,Phone Number,Credit Hours,CGPA
52K-8676,Katrina,Bradford,55215-3857125-2,gonzalezkathleen@gmail.com,+92 6574254404,90,3.39
83K-2546,Barbara,Simmons,29654-1769260-5,quinnwilliam@gmail.com,+92 7141486684,85,3.41
32K-2532,Holly,Lewis,81921-5775195-4,michaelarias@gmail.com,+92 0720424658,72,3.99
75K-5632,Steven,Walter,10264-9086831-1,camerontaylor@gmail.com,+92 1310944294,42,2.4
64K-5244,Robert,Lambert,67559-5023350-7,penadavid@gmail.com,+92 1625471382,74,2.31
78K-6251,Suzanne,Cox,90693-8367602-6,jamessullivan@gmail.com,+92 6067484926,55,3.39
36K-5091,Kristina,Lewis,68111-3082426-2,richard52@gmail.com,+92 7393100115,47,3.1
41K-0931,Megan,King,90381-6900960-8,davidlong@gmail.com,+92 0531370713,69,2.45
23K-0828,Lindsey,Richmond,49673-7709871-9,andrew29@gmail.com,+92 6419965462,80,3.32
38K-5198,Ann,Weber,18375-4894663-5,ricky28@gmail.com,+92 6683889537,80,2.24
10K-1077,Tony,Dawson,59954-5426980-3,moorebrian@gmail.com,+92 0060564914,19,3.94
02K-5809,Heather,Hinton,58664-2821632-7,vwaters@gmail.com,+92 9547391946,108,3.1
55K-2922,Caleb,Lawrence,34046-5246821-5,daniel52@gmail.com,+92 9334982773,88,3.58
70K-5990,Tony,Shannon,28986-0259134-8,anthonylogan@gmail.com,+92 3187660314,100,3.55
52K-1565,Randy,Wheeler,19292-0738602-1,dennis10@gmail.com,+92 2811485308,125,3.48
45K-9952,Kristin,Whitehead,38577-6818183-1,jburke@gmail.com,+92 5628443596,81,3.25
31K-4846,Michelle,Robinson,59055-0635968-7,wparker@gmail.com,+92 4936249355,35,3.91
20K-9703,Bridget,Jenkins,39861-4800850-6,gallagheranita@gmail.com,+92 0496955507,81,3.57
96K-1460,Lori,Bell,35822-9137837-4,gilbert20@gmail.com,+92 9409572516,69,3.9
43K-8967,Joanne,Hall,40285-7846805-4,walkerbrian@gmail.com,+92 6682816374,113,3.38
62K-0006,Jean,Weber,72888-1304250-4,gordonkaren@gmail.com,+92 5854326672,35,3.81
27K-5109,April,Rodriguez,84244-0898746-7,nicholasjohnson@gmail.com,+92 2685913617,63,3.65
17K-5875,Julie,Adams,69864-9791410-0,cynthia81@gmail.com,+92 1830856863,28,2.64
09K-7970,Christopher,Robinson,87791-7776380-5,aclark@gmail.com,+92 1594939019,50,3.13
37K-9685,Patricia,Anderson,34786-0451198-2,jjohnson@gmail.com,+92 6843004935,130,2.53
10K-2614,Jessica,Parker,68656-6423437-7,david10@gmail.com,+92 4597518176,40,3.22
79K-5409,William,Cox,61134-3174430-0,davidlane@gmail.com,+92 8393287948,30,3.11
35K-5070,Amber,Smith,49091-7314880-7,grahamalyssa@gmail.com,+92 8224277308,51,2.92
61K-9326,Jeffrey,Barnes,15475-7575304-2,ewalker@gmail.com,+92 2913970227,27,2.73
93K-8045,Jacob,Daniel,39378-2900420-4,kyle39@gmail.com,+92 8827433903,125,3.1
97K-9900,David,Hughes,99153-9527402-2,curtissmith@gmail.com,+92 4127401210,103,3.17
61K-5602,William,Campbell,64223-3103546-3,tammyanderson@gmail.com,+92 2292116537,76,3.77
00K-9230,Kathryn,Blair,74380-8815068-0,robin11@gmail.com,+92 1509410701,23,3.87
69K-5248,Rachel,Wiggins,91913-3293900-7,stephen18@gmail.com,+92 0154258316,78,2.12
32K-5713,David,Wright,70097-8152292-9,tinaabbott@gmail.com,+92 2526590686,88,3.14
05K-4087,Melissa,Walker,51907-7558918-7,lburns@gmail.com,+92 7656055848,102,3.59
70K-9433,Nicole,Watson,19789-8963064-4,brian27@gmail.com,+92 8367253268,20,2.39
16K-6230,Dwayne,Underwood,33301-0167896-3,munozsara@gmail.com,+92 3954848787,29,3.84
46K-4557,Albert,Phillips,82251-3712384-9,mejiajohn@gmail.com,+92 8703971455,33,3.72
38K-7012,Craig,Mendoza,43670-0099930-1,karinawood@gmail.com,+92 9216733781,23,3.44
85K-1171,Kyle,Green,30324-1435367-0,charlesthomas@gmail.com,+92 7893755118,120,3.16
79K-1306,Juan,Johnson,10050-8814208-5,ejenkins@gmail.com,+92 7769041426,87,3.94
71K-1544,Carol,Cardenas,61044-6233138-5,rogersmary@gmail.com,+92 1669389879,96,2.8
63K-3048,Leslie,Dixon,48452-2110825-0,joseph47@gmail.com,+92 9594489478,77,2.91
92K-3981,David,Martin,62689-9157071-6,browncody@gmail.com,+92 6592499459,117,3.73
43K-9214,Jamie,Padilla,83864-5107646-0,tmarshall@gmail.com,+92 6536556841,18,3.16
97K-6137,Katie,Hawkins,22724-3941328-0,kramercaleb@gmail.com,+92 3257828122,48,2.23
74K-1436,Dana,Thomas,31443-4709872-4,annecontreras@gmail.com,+92 8100955851,46,2.36
67K-8504,Erin,Hicks,41877-3583527-8,rodriguezthomas@gmail.com,+92 4356468937,108,2.55
17K-8983,Scott,Stewart,25360-6830192-4,catherine67@gmail.com,+92 1193488624,65,3.59
60K-3241,Charles,Yu,55847-5405705-8,yhorne@gmail.com,+92 9497426997,76,2.4
73K-1447,Nicholas,Wright,21953-3985539-3,codyscott@gmail.com,+92 7356327875,93,3.9
56K-4719,Anthony,Morgan,78851-9014116-2,jamiewilliams@gmail.com,+92 4307440937,44,2.28
31K-1522,George,Anderson,61139-1932931-6,yoderjoshua@gmail.com,+92 8395007182,76,3.89
20K-2905,Joel,Jacobs,10363-6687135-1,brodriguez@gmail.com,+92 4038012311,27,2.67
25K-9285,Kristen,Price,74568-6433150-0,millersarah@gmail.com,+92 1420914723,33,3.47
66K-1811,Michelle,Davis,49866-0888440-2,tammy09@gmail.com,+92 0402504716,44,2.42
00K-8668,Justin,Booker,49818-2523366-4,caldwellmarissa@gmail.com,+92 4995918996,70,2.13
06K-0878,Marie,Cantrell,89973-6870512-5,glenn20@gmail.com,+92 8635485796,57,2.1
95K-9980,Sergio,Armstrong,53361-7179808-3,robinsonwayne@gmail.com,+92 4548448866,116,2.43
91K-8793,Rebecca,Molina,43224-0124435-9,jack29@gmail.com,+92 8719843871,81,2.4
09K-1431,Sherry,James,23094-8108922-7,anna06@gmail.com,+92 7023736208,20,3.49
70K-8228,Timothy,Kramer,12901-8086619-4,tiffanymcmillan@gmail.com,+92 1747126552,18,3.92
29K-8871,Teresa,Schmidt,19925-0298935-9,eric26@gmail.com,+92 1083929240,91,2.6
30K-8282,Richard,Lloyd,85006-9102167-6,ericmartinez@gmail.com,+92 8109543184,106,2.27
65K-7574,Jason,Thompson,59404-2086355-4,kelliott@gmail.com,+92 0400929733,110,2.5
19K-4652,Jesse,Cooper,35348-0411574-5,charlesbowers@gmail.com,+92 6765799674,93,3.46
96K-5218,Jason,Kane,51648-0295505-4,gjones@gmail.com,+92 6522422731,93,2.52
09K-2368,Emily,Thompson,99586-1278355-8,perezchristopher@gmail.com,+92 4955445916,27,2.61
98K-7169,Shane,Taylor,91701-7164196-8,michellebrown@gmail.com,+92 9781348375,60,3.27
11K-8451,Whitney,Hamilton,87883-6647697-2,ramossara@gmail.com,+92 4468208206,116,3.21
55K-6619,Jerry,Braun,25306-6589612-9,efoster@gmail.com,+92 6531994345,127,3.7
35K-7133,Tiffany,Wilkinson,49955-7268157-5,uramirez@gmail.com,+92 6069606002,37,3.24
71K-0903,Vickie,Hill,50131-4676034-9,sstewart@gmail.com,+92 5192582192,63,3.44
46K-5488,Zachary,English,29081-3378264-3,kelly24@gmail.com,+92 0637978698,74,3.96
04K-8981,Peter,Peterson,97441-0349514-2,daniel87@gmail.com,+92 9002613859,103,2.56
69K-6609,Valerie,Holmes,88118-5190831-6,travis58@gmail.com,+92 6163287021,50,2.26
48K-1071,Christopher,Walker,36761-2677595-5,adrienneramos@gmail.com,+92 8102523795,117,2.28
70K-9753,Robert,Williams,75073-3623006-4,larrymarsh@gmail.com,+92 8097482966,91,3.5
93K-7279,Angela,Olson,53438-2512089-5,gamblepamela@gmail.com,+92 9899733060,129,2.25
72K-8670,Mark,Little,17581-8430065-1,phampaul@gmail.com,+92 2743907699,59,3.92
39K-9126,Rebekah,Holland,57410-0478281-6,smithstacey@gmail.com,+92 1013935264,58,3.1
91K-5539,Matthew,Adams,97965-7031426-3,lewiscory@gmail.com,+92 2175861358,98,3.27
55K-1996,Eric,Williams,77056-0492540-1,sean75@gmail.com,+92 9949271507,108,3.24
04K-5574,Lauren,Steele,33356-5313387-5,curtishayes@gmail.com,+92 5281397699,76,3.59
39K-3475,Martha,Owens,96095-5473772-6,randy62@gmail.com,+92 9640185494,80,2.39
06K-0149,John,Henry,14677-8674066-0,liurita@gmail.com,+92 6105336641,40,2.44
44K-1123,James,Flores,42003-8983370-2,mcmillanaudrey@gmail.com,+92 8268780299,31,2.15
74K-0447,Kayla,Gutierrez,95339-5938944-3,wallacebrittany@gmail.com,+92 6447232879,112,2.78
01K-2647,Ryan,Allen,45631-5943710-2,madison37@gmail.com,+92 8679603418,61,2.64
69K-5491,Christine,Cook,93904-7150227-7,seanhall@gmail.com,+92 5653842997,46,3.83
32K-8191,Johnny,Evans,11390-6652046-5,wilcoxchase@gmail.com,+92 4697380578,31,2.8
36K-6764,Stephanie,Simon,81803-9137218-8,markcunningham@gmail.com,+92 2645621075,76,2.23
46K-6128,Russell,Smith,55906-4192833-2,perkinsdenise@gmail.com,+92 5533911216,53,3.94
75K-1658,Cody,Arias,50196-0475658-9,carolclark@gmail.com,+92 6425126813,29,3.94
66K-3262,John,Lewis,44587-4587899-8,mark54@gmail.com,+92 8164608406,63,2.82
01K-2045,Margaret,Atkins,50382-3414824-9,weisscrystal@gmail.com,+92 0946456382,71,3.39
08K-9230,Maurice,Smith,58846-6752959-1,imoses@gmail.com,+92 3891361727,105,3.88
40K-4613,Kimberly,Smith,59139-5534744-3,greenveronica@gmail.com,+92 2196269629,80,3.58
31K-5136,Gregory,Dunn,63862-0553225-5,milleralicia@gmail.com,+92 7715142691,89,2.52
49K-9887,Ariana,May,62240-8716227-5,esparzajames@gmail.com,+92 5911908048,75,3.6
70K-7720,Lisa,Rodriguez,30723-3394999-8,melissa87@gmail.com,+92 9138514685,113,2.54
09K-2247,Marcus,Stokes,42465-0828609-7,guy21@gmail.com,+92 4809192976,59,3.69
67K-8587,Mark,Ryan,55020-0575906-1,scollier@gmail.com,+92 1397524951,57,2.22
56K-9881,Michael,Williamson,58649-7427765-1,clairejohnson@gmail.com,+92 9521849125,38,2.36
48K-5260,Tina,Parsons,48206-2035882-3,christopherwillis@gmail.com,+92 7706520390,108,2.65
86K-7283,Rick,Hunter,67668-4776548-3,madisonguzman@gmail.com,+92 6291442294,24,2.45
90K-5238,Maria,King,44262-6363922-3,justin53@gmail.com,+92 5745888207,43,2.71
49K-8866,Brian,Lopez,20933-1662197-2,jefferyscott@gmail.com,+92 5266131271,117,3.52
54K-1999,John,Jenkins,57073-0631803-7,shawnjohnson@gmail.com,+92 6316091871,53,2.36
12K-5176,Lauren,Gaines,17102-1627598-8,olsonvincent@gmail.com,+92 7543618453,115,2.95
84K-9029,Cathy,Combs,42412-7131928-0,harperbradley@gmail.com,+92 8757950417,28,2.31
10K-2794,Gene,Lopez,50279-4082275-3,brian83@gmail.com,+92 7477645663,41,3.74
30K-5908,Jason,Reed,88503-6128508-2,brycebrooks@gmail.com,+92 4431534430,56,3.34
26K-1349,Ashley,Stuart,41403-2509561-7,zhart@gmail.com,+92 3670627661,121,3.98
06K-8483,Patrick,Cook,85348-3639921-5,arthur67@gmail.com,+92 1219611472,28,2.89
73K-2908,Mark,Oconnell,89778-0891815-4,michael07@gmail.com,+92 1910596189,104,3.27
83K-4455,Jennifer,Vincent,71483-8800531-0,leederek@gmail.com,+92 7379406914,17,2.31
72K-3024,Stephen,Martinez,99878-0903031-0,zperez@gmail.com,+92 2755799830,106,2.4
68K-4459,Ryan,Stewart,47792-4647213-6,robinsonalexander@gmail.com,+92 8810632317,128,3.92
18K-8968,Joshua,Alvarado,84455-3479616-1,bellchelsea@gmail.com,+92 6023050380,106,3.11
30K-4831,Christopher,Jackson,59081-4158330-3,phunt@gmail.com,+92 8628814063,53,2.38
10K-7943,Marcus,Rowe,33988-4186993-0,billy17@gmail.com,+92 2302805497,63,3.3
09K-1695,Francis,Ingram,12439-2651470-0,oblevins@gmail.com,+92 6776017713,98,2.1
38K-6636,Joseph,David,68423-5419632-6,victoria20@gmail.com,+92 0398405798,121,2.17
48K-2797,Laura,Johnson,94345-5506236-5,smorgan@gmail.com,+92 3954734067,59,3.25
55K-9204,Christopher,Robles,70442-6495036-8,yparker@gmail.com,+92 0301325576,85,2.7
12K-4348,Paul,Cooper,64772-5496467-2,lewiskimberly@gmail.com,+92 1838574827,109,2.5
69K-2128,Colleen,Ruiz,73142-9333273-6,fallen@gmail.com,+92 9999990227,128,2.13
09K-3322,Ronald,Gonzalez,42884-1057681-7,thorntonjesse@gmail.com,+92 5334183177,114,2.73
20K-1482,Kathryn,Nguyen,34966-0176538-6,deborah39@gmail.com,+92 9613997531,50,3.13
63K-8809,Nicole,Keith,80721-3578516-6,rickey10@gmail.com,+92 2056704180,105,2.19
89K-4529,Paul,Berger,10931-0300434-8,rhondamartinez@gmail.com,+92 3703834224,67,2.84
89K-7182,Stephanie,Dillon,39927-9204211-6,rickyleonard@gmail.com,+92 7775530607,108,3.84
93K-3342,Sheila,Johnson,78280-8947439-7,uyates@gmail.com,+92 0327565775,68,2.75
44K-7325,Monica,Miller,16620-1744022-4,tylergonzales@gmail.com,+92 3325530601,52,2.93
02K-2302,Caitlyn,Stuart,81782-5135170-8,tylerbarrera@gmail.com,+92 5072071579,70,3.12
74K-7570,Joseph,Calhoun,12603-9579395-4,jmcdonald@gmail.com,+92 4149681003,39,3.49
37K-6707,Debra,Henderson,45276-4244132-6,jonesnicholas@gmail.com,+92 7794963361,70,2.81
81K-7037,Brianna,Baker,54201-2532478-0,misty22@gmail.com,+92 6404205025,77,2.55
44K-4081,Alexander,Diaz,47106-1802417-7,ochoachristopher@gmail.com,+92 9331837907,97,2.18
79K-4319,Brianna,Smith,98361-0037609-1,djohnson@gmail.com,+92 0062261566,73,2.36
16K-9597,Rebecca,Gould,40112-3730956-0,april55@gmail.com,+92 6093285026,40,2.52
88K-0885,Norma,Johnston,70908-1940764-5,stevenkelley@gmail.com,+92 5293976850,105,2.5
63K-1026,Edgar,Jackson,24241-9436538-4,chelsea37@gmail.com,+92 7277022454,67,3.46
45K-7735,Roy,Mckinney,61365-4260292-7,anna31@gmail.com,+92 5546743385,29,3.51
67K-9412,Heather,Jennings,16805-4156790-5,tammy22@gmail.com,+92 8291583871,129,3.35
62K-5139,Chad,Anderson,37315-8166147-2,audrey01@gmail.com,+92 2854822658,48,2.99
70K-3449,Emily,Parks,40582-9513269-5,derek43@gmail.com,+92 8855233062,43,2.71
38K-4232,Samantha,Smith,66205-5118705-1,morrowashley@gmail.com,+92 7773575361,79,3.38
66K-9527,Craig,Bates,59063-3492744-5,portercharles@gmail.com,+92 5354928766,72,3.74
93K-2273,Marco,Adkins,43146-7279484-6,michael52@gmail.com,+92 1210823343,80,2.96
45K-9944,Tim,Blanchard,57479-1173873-1,justin26@gmail.com,+92 7371656976,105,2.63
37K-4813,David,Jennings,68217-6717689-5,michaelrogers@gmail.com,+92 7852924077,98,3.67
93K-6913,Brenda,Terry,26023-1254806-5,shepherdchad@gmail.com,+92 7462239376,49,3.64
89K-6685,Frank,James,31511-0347691-7,david78@gmail.com,+92 4550086119,75,3.61
72K-9091,Jesse,Jackson,23335-4747269-9,ofranklin@gmail.com,+92 6511184292,104,3.57
98K-5751,Patrick,Castro,45809-0466830-7,brenda87@gmail.com,+92 1113663414,65,3.6
52K-5451,Tanya,Richmond,55009-8743874-7,umalone@gmail.com,+92 0117890120,122,3.22
77K-1075,Peter,Pierce,65096-5626764-4,pagemax@gmail.com,+92 9577347383,38,2.42
34K-2639,Justin,Acosta,89823-7913390-4,kimberlydyer@gmail.com,+92 7569922327,53,2.44
80K-8037,Austin,Nelson,90020-6074408-4,kylecontreras@gmail.com,+92 2041966231,19,2.9
30K-1489,Jonathan,Torres,38971-9191775-6,colehall@gmail.com,+92 7027971454,84,3.89
72K-8962,Shelley,Morales,83143-6749825-2,rowlandraymond@gmail.com,+92 3261641792,95,2.42
15K-9297,Maria,Martin,14329-6336411-7,stevenwhite@gmail.com,+92 9424147150,130,3.42
27K-7216,Yolanda,Hall,66643-9693794-3,xbrown@gmail.com,+92 9433421194,72,3.59
72K-9421,Nicholas,Wood,41850-4574148-3,zdavis@gmail.com,+92 2547069059,38,3.47
18K-2404,Richard,Prince,37336-3387046-1,juankim@gmail.com,+92 3399843364,81,3.26
73K-1937,Angela,Rosario,85715-9171902-9,kyledavis@gmail.com,+92 4152867675,110,3.0
90K-2843,Mary,Fisher,13627-0047656-1,richardnunez@gmail.com,+92 5120796785,56,3.59
11K-1198,Patrick,White,64052-1790043-5,stephanie67@gmail.com,+92 7521819825,59,3.85
05K-7758,Ashley,James,92534-3430535-3,kylejohnson@gmail.com,+92 3223966380,76,3.31
13K-8463,Seth,Tate,15071-1864146-0,bridget70@gmail.com,+92 3812598999,53,2.69
87K-3750,Barbara,Williams,44908-1192342-5,garciasheryl@gmail.com,+92 7528450360,69,2.14
01K-4774,Meghan,Jackson,80329-8961096-4,ohill@gmail.com,+92 8047358393,123,2.2
53K-1578,Jason,Smith,51135-5187658-3,boothdiana@gmail.com,+92 6296440397,77,3.9
08K-6769,Julie,Moore,79753-6259265-9,victoria45@gmail.com,+92 5970772053,53,3.64
51K-1544,Angela,Watson,84218-1692856-4,rebeccagreene@gmail.com,+92 3932375512,26,3.31
15K-5379,Tonya,Kaufman,86878-8071135-4,kimgabrielle@gmail.com,+92 3690745808,79,3.98
28K-4201,Bridget,Graham,83301-2973927-7,trujillogregory@gmail.com,+92 2289169013,85,3.56
45K-1132,Cody,Glenn,28851-7892364-3,robert19@gmail.com,+92 8318359208,108,3.77
96K-4104,Keith,Perez,37845-9460422-4,shorn@gmail.com,+92 2756422712,74,2.6
07K-0526,Derek,Burton,45702-2502914-7,stephanierogers@gmail.com,+92 8292285499,101,2.95
11K-7693,Elizabeth,Gallagher,17994-8388939-4,murrayjason@gmail.com,+92 3987445452,26,3.34
03K-3483,Emily,Pope,72171-8400752-2,michael89@gmail.com,+92 3908884573,60,2.16
44K-5396,Eric,Martin,15627-6077308-1,mgross@gmail.com,+92 5963622823,114,3.68
23K-9947,Sierra,Weaver,78206-2636081-1,aaronjohnson@gmail.com,+92 6711855791,105,2.23
13K-3723,Shawn,Atkinson,37469-1349372-3,denise16@gmail.com,+92 3100822870,42,2.44
14K-0216,William,Mcgee,28625-1834078-3,wellsmark@gmail.com,+92 3313574548,130,3.59
65K-4684,Daniel,Gutierrez,29656-8964021-0,owensjames@gmail.com,+92 0775282946,30,2.94
70K-9582,Sheila,Perez,30624-5387187-0,danny64@gmail.com,+92 1062071845,69,3.7
53K-5795,Katherine,Mckee,87306-7222633-4,ortizfrank@gmail.com,+92 8377791652,100,2.24
19K-6918,Raymond,Stevens,92728-6549216-0,hgraham@gmail.com,+92 5448085123,64,3.75
16K-5817,Paul,Gray,41923-6646904-0,michaelmartin@gmail.com,+92 9518643030,85,2.29
57K-7860,Stephanie,Hernandez,76645-7829316-3,zprice@gmail.com,+92 2320546363,103,2.13
89K-4132,Jodi,Hughes,87603-4745970-9,davidjordan@gmail.com,+92 2190761199,77,2.32
40K-5050,James,Lee,31140-4866067-3,taylor43@gmail.com,+92 8029367474,60,3.32
37K-1859,Michelle,Craig,24359-6070014-5,ncastillo@gmail.com,+92 9963203649,85,3.61
88K-5110,Amy,Spencer,63766-3601363-6,fjones@gmail.com,+92 1931057672,91,3.31
77K-3091,Bobby,Morris,79908-3165349-4,xellis@gmail.com,+92 4949924097,52,2.6
78K-1646,Monica,Bauer,90739-4075970-0,salinasgabriel@gmail.com,+92 1038323612,48,2.74
06K-3401,Anna,Bryant,81248-8271996-3,aaronclark@gmail.com,+92 8823519780,67,3.39
28K-0310,Victoria,Moore,89177-1704154-8,patriciacarter@gmail.com,+92 8512528439,125,2.7
27K-0721,Samuel,Vega,77481-6041045-4,ian04@gmail.com,+92 6922050853,111,2.7
34K-4301,Madison,Ramsey,28842-8102923-3,jeremy19@gmail.com,+92 3998915938,114,3.24
33K-6201,Tony,Lynn,38425-8118769-8,davidrodriguez@gmail.com,+92 5674673277,105,3.47
93K-7782,Barry,Jones,74360-3648583-2,vjohnson@gmail.com,+92 5089373698,88,2.21
80K-4854,Shelley,Barnes,18710-6828572-1,garrettphillip@gmail.com,+92 6174573319,99,3.29
32K-8979,Felicia,Higgins,69140-0383369-5,zwest@gmail.com,+92 7604632057,78,2.66
33K-3467,Hunter,Robinson,84134-1864680-0,cohencasey@gmail.com,+92 8593079495,110,3.43
39K-4060,Marc,Young,74156-7317051-4,tanya45@gmail.com,+92 9166315956,69,3.72
86K-5332,Kara,Allen,78565-3414834-7,jessica05@gmail.com,+92 7794162287,84,3.38
80K-3034,Daniel,Ramos,23372-6568669-7,dhernandez@gmail.com,+92 7901189392,86,2.39
51K-7842,Jennifer,Williams,45692-4105787-9,christine84@gmail.com,+92 4269476503,22,3.8
91K-1237,Andre,Williamson,38172-2531660-1,fdyer@gmail.com,+92 5952755586,28,2.91
55K-7367,Ryan,Harris,74712-6049320-1,kyle41@gmail.com,+92 9833430301,83,2.63
33K-4432,Spencer,Murray,91429-5816022-4,howederek@gmail.com,+92 4404369344,18,3.75
68K-4471,Ryan,Watkins,32664-6881915-6,comptonheather@gmail.com,+92 6387519908,23,3.2
60K-2382,Julie,Simpson,94430-0152403-9,rodriguezdaniel@gmail.com,+92 0334379942,108,3.51
12K-8589,Todd,Berry,43003-4693735-4,gloria28@gmail.com,+92 2462328160,94,2.59
40K-0763,Susan,Atkins,97001-4161613-6,angela82@gmail.com,+92 0201349041,106,3.6
02K-9587,Sean,Davis,92210-9700530-0,william22@gmail.com,+92 4902544219,18,3.46
58K-1769,Travis,Montgomery,89898-9470764-4,janehill@gmail.com,+92 4030032940,18,2.35
61K-4795,Gina,Kirk,65149-4204141-6,kimberly43@gmail.com,+92 2373132926,72,2.94
98K-7848,Thomas,Thompson,44491-8703712-1,karen91@gmail.com,+92 9444432495,124,2.63
76K-6001,Lori,Henderson,50383-4426173-5,jasonfowler@gmail.com,+92 5127978829,74,2.86
13K-8683,Heather,Reyes,82372-4116260-7,yjacobs@gmail.com,+92 8460162328,99,2.58
61K-7564,Rebecca,Young,19075-3759207-6,rwilliams@gmail.com,+92 5239942169,44,3.93
27K-1321,Jacqueline,Vaughan,17375-7752060-9,taylorjeffrey@gmail.com,+92 9825333276,130,3.73
77K-5967,Charles,White,96314-5806983-2,mariah65@gmail.com,+92 6706479757,43,3.33
69K-7000,Patricia,Flores,72456-1505046-3,xward@gmail.com,+92 4523883227,70,2.98
88K-8647,Abigail,Walters,66057-5621777-5,kellykline@gmail.com,+92 6199248543,32,3.11
61K-3725,Tracy,Dixon,94663-4030712-4,seanmiller@gmail.com,+92 4765661434,46,2.21
05K-7398,Anthony,Green,43339-6550356-4,brendamunoz@gmail.com,+92 0634498458,31,3.3
89K-8090,Justin,Graham,19189-6006669-4,oweiss@gmail.com,+92 0164652941,77,2.99
30K-4534,Johnny,Wood,36401-4198007-4,matkins@gmail.com,+92 7626525956,52,2.25
44K-3118,Anthony,Allen,19484-3074737-9,ograham@gmail.com,+92 5186119448,44,2.2
98K-1381,Maria,Lam,11856-4021860-9,iwilliams@gmail.com,+92 2140050527,19,3.6
40K-8425,Brent,Jones,28234-9019800-3,norrisashley@gmail.com,+92 1584093510,67,2.5
62K-7317,Theresa,Cameron,86375-8312415-6,sarah75@gmail.com,+92 8196407228,69,2.75
19K-4120,Roberto,Perez,64713-2189189-5,nicole40@gmail.com,+92 2294647075,79,2.72
31K-8060,Pamela,Smith,57351-1846855-4,rbrown@gmail.com,+92 5283361231,65,3.43
04K-5749,Suzanne,Day,99588-6921494-7,john67@gmail.com,+92 5757058040,87,3.96
80K-3562,Nicole,Jones,40587-2854362-9,robert24@gmail.com,+92 5083883438,41,2.4
90K-4680,Maria,Watson,89709-5539215-5,lauren06@gmail.com,+92 7727097466,75,3.39
25K-6374,Sarah,Lowery,64121-8063982-6,alisharodriguez@gmail.com,+92 4092475050,129,3.93
94K-9949,Anthony,Harrison,62429-7840588-7,crystal21@gmail.com,+92 5846448678,108,2.43
08K-7532,Kelly,Cox,24956-8843532-8,alisonbailey@gmail.com,+92 6271311151,52,2.9
11K-0183,Lauren,Harris,38526-0124140-8,lortiz@gmail.com,+92 0307583639,74,3.4
36K-4151,Meghan,Sanchez,87466-4882487-0,shannon52@gmail.com,+92 3199667533,60,3.33
73K-5080,Patrick,Martin,31254-4567824-3,jeffreygarcia@gmail.com,+92 7768073255,108,3.8
75K-2266,Gabrielle,Lowe,92845-6137695-2,judithcontreras@gmail.com,+92 9828482662,103,2.12
65K-4356,Seth,Ray,29744-1648049-0,angelabrewer@gmail.com,+92 7645448395,106,2.74
24K-0803,Brenda,Wells,93417-4397776-3,nolson@gmail.com,+92 0500275882,101,2.28
82K-1420,Joel,Page,93435-9077002-7,jessica04@gmail.com,+92 8341559931,33,2.1
56K-6083,Kenneth,Lee,12652-5787493-5,matthewsanchez@gmail.com,+92 5062907022,88,2.52
28K-3744,Deanna,Brown,71742-8794386-4,ynorris@gmail.com,+92 5020156529,21,3.16
14K-2975,Ian,Cook,26464-4656232-5,harrisbenjamin@gmail.com,+92 1115294540,96,3.86
31K-6921,Rodney,Wall,71818-9410514-8,churchderek@gmail.com,+92 2364862804,95,2.81
24K-8561,Kyle,Martin,89509-1100052-8,asmith@gmail.com,+92 1842217409,96,2.75
35K-4121,Juan,Hull,94457-7323926-3,tylerashley@gmail.com,+92 2304152879,17,3.78
06K-1700,Frank,Carter,94829-0502894-0,thomaslopez@gmail.com,+92 6339741165,36,2.29
12K-5637,Ashley,Chapman,92387-8405459-7,chandlererin@gmail.com,+92 0372354233,130,3.51
43K-4535,Scott,Lee,68284-0773248-2,nathaniel06@gmail.com,+92 4917885029,27,3.22
30K-4344,Richard,Mitchell,31555-1399173-6,lauren21@gmail.com,+92 3013544925,50,2.39
45K-4006,Melissa,Wolf,56016-1383189-2,brandon78@gmail.com,+92 9751924710,34,2.59
21K-8183,Franklin,Mathis,47787-3807770-1,johnowens@gmail.com,+92 8671283789,21,3.84
10K-5049,Ronald,Reese,77416-7591426-7,otorres@gmail.com,+92 5699460298,24,2.63
13K-4732,Daniel,Neal,58498-7900624-3,owilliams@gmail.com,+92 0948446482,116,3.92
36K-7390,Jessica,Collins,54932-5172689-4,jhansen@gmail.com,+92 6673018526,92,2.74
39K-9789,Robin,Harrison,44799-9836167-3,pgibson@gmail.com,+92 6831534299,66,2.6
84K-5013,Christopher,Davis,66958-2818242-7,debbie37@gmail.com,+92 4912516074,113,2.26
11K-1348,Rodney,Smith,42078-8187843-4,joel48@gmail.com,+92 0840149926,97,2.36
27K-6110,Susan,Marsh,18523-5538061-9,zcontreras@gmail.com,+92 7902304814,87,3.96
00K-4043,Benjamin,Lopez,32132-4152669-4,garywilliams@gmail.com,+92 6942931948,92,2.43
23K-2965,Lisa,Green,91502-7067553-6,jacksonchristopher@gmail.com,+92 9356126601,102,2.1
94K-7371,Crystal,White,87382-0218499-8,joerodriguez@gmail.com,+92 8770598398,113,2.9
37K-6994,Steven,Crawford,17890-0895690-3,brianrios@gmail.com,+92 8357402383,55,2.84
76K-9379,Laura,Murphy,97416-3381409-6,carmen09@gmail.com,+92 5489690140,17,2.35
47K-4304,Kiara,Sanchez,26816-9867917-5,coreyfoster@gmail.com,+92 4407545563,74,2.28
07K-6603,Rachel,Miller,36296-8718040-2,jonathanclay@gmail.com,+92 1467454932,17,3.5
22K-8331,Shawn,Roman,34642-1610806-5,mccartygordon@gmail.com,+92 0985841156,26,2.14
58K-2370,Dawn,Garcia,75526-1864762-5,jacob70@gmail.com,+92 3810636294,23,3.32
05K-5833,Edward,Green,12884-7628469-6,veronicamann@gmail.com,+92 1951972797,102,2.0
57K-2717,Christy,Fox,38777-8370235-0,brian51@gmail.com,+92 6198016695,43,3.45
69K-0105,Danny,Parks,25720-0650018-7,kanemegan@gmail.com,+92 3702389530,73,3.29
53K-1280,Johnathan,Stewart,71611-1308370-0,wardmegan@gmail.com,+92 1837802369,33,2.43
69K-3151,Lawrence,Smith,10990-4781981-4,bryanwilson@gmail.com,+92 3310695428,111,3.53
58K-2417,Ryan,Salas,79466-2067611-5,john93@gmail.com,+92 2446831438,81,3.12
47K-2227,Brandon,Mills,24782-4930505-8,victoriarose@gmail.com,+92 2752005265,20,2.29
62K-8554,Elizabeth,Thompson,84254-3789281-8,qwoodward@gmail.com,+92 9683948466,119,2.65
83K-1799,Richard,Fisher,97715-3182231-7,osullivan@gmail.com,+92 2543985576,77,2.47
41K-3149,Lance,Hess,97237-8637498-8,brandon76@gmail.com,+92 8762134273,95,2.19
98K-0684,Jill,Washington,84093-3320035-5,freemanchloe@gmail.com,+92 5953215233,49,3.57
72K-2640,Jessica,Tanner,50547-3294975-1,daniel71@gmail.com,+92 6275945426,40,2.2
45K-3439,Megan,Holt,75062-9766479-4,tbrown@gmail.com,+92 7999134038,62,2.65
83K-9421,Felicia,Gonzalez,37926-4584750-6,steven01@gmail.com,+92 6361245218,39,2.82
12K-3253,Natalie,Zhang,26248-1127967-3,brittanyrivera@gmail.com,+92 9793440397,96,3.9
78K-7330,Patrick,Perez,22986-1499270-5,emilycampbell@gmail.com,+92 0650097499,109,3.65
29K-6727,Curtis,Porter,19467-0105869-5,stephanie65@gmail.com,+92 9366724588,79,3.46
28K-7795,Megan,Hart,99201-7330807-8,deborahnguyen@gmail.com,+92 2194075372,99,3.42
96K-7439,Zachary,Aguilar,26937-3826294-9,kathy14@gmail.com,+92 1449788417,53,3.41
69K-3879,Lauren,Sanchez,53152-7003484-7,monicasanders@gmail.com,+92 6671736261,75,3.7
60K-4183,Joshua,Hansen,67118-8500245-1,kmitchell@gmail.com,+92 0134533530,30,2.76
50K-0081,Nichole,Johnson,48618-6004149-3,zlewis@gmail.com,+92 4539835189,84,2.65
38K-1314,Madison,Jackson,71681-7413957-3,anthonydunn@gmail.com,+92 5514349387,118,2.87
80K-4346,Kimberly,Roach,98791-7235496-4,webbdiana@gmail.com,+92 7409028917,70,3.82
90K-0472,Karen,Morgan,73724-8392539-5,marciagardner@gmail.com,+92 1290957298,100,2.33
34K-8846,Tracy,Baker,99669-9100893-0,george16@gmail.com,+92 5024132435,21,3.15
69K-0545,Andrew,Barnett,46135-1296270-9,danielvanessa@gmail.com,+92 8022123056,113,2.45
55K-8569,John,Greer,66691-0699863-9,juan92@gmail.com,+92 8324176194,28,3.58
58K-6285,Denise,Ray,82233-8928832-3,tonywilliams@gmail.com,+92 1736453408,121,3.3
84K-9494,Christine,House,39038-2229571-3,danielkemp@gmail.com,+92 1684200326,113,2.82
23K-1510,Jessica,Lewis,53528-4751890-2,brian25@gmail.com,+92 7866432669,18,3.56
88K-1467,Sheila,Clark,20858-7232023-5,uware@gmail.com,+92 5264167916,53,2.86
28K-3713,Misty,Jones,72388-8770361-9,arthur61@gmail.com,+92 6275892917,23,2.66
31K-1678,Stephanie,Wright,48623-2743882-8,omorgan@gmail.com,+92 7666702566,24,2.29
61K-1581,William,Campbell,83358-3612783-6,donna72@gmail.com,+92 8037564648,129,2.18
98K-1765,Jesse,Martin,44989-3172186-1,melissa58@gmail.com,+92 6524025977,117,3.17
86K-1592,Jason,Reyes,48665-1469657-9,samanthamorales@gmail.com,+92 9835876795,99,3.5
38K-5049,Walter,Wiggins,53291-6585971-6,omarshall@gmail.com,+92 2430442310,45,3.36
08K-3215,Eric,Love,24938-0783553-0,patrick36@gmail.com,+92 0512630190,76,3.66
92K-3310,Cindy,Krause,88507-3819615-8,stevenreyes@gmail.com,+92 4020128561,103,2.95
28K-5291,Michael,Payne,84366-3005673-7,thomastorres@gmail.com,+92 4975676392,94,2.32
16K-6039,Ronald,Williams,16209-9756153-3,jamesclayton@gmail.com,+92 4908900760,46,3.43
53K-0956,Angela,Hogan,62541-8991525-8,gkennedy@gmail.com,+92 5287569000,57,3.17
71K-5032,Teresa,Nichols,49051-8643141-2,brianhoover@gmail.com,+92 2218480252,46,2.4
38K-9105,Joshua,Frye,33807-3146850-4,beckgina@gmail.com,+92 4982000381,64,2.21
48K-4911,Terri,Reeves,68187-1082605-9,renee10@gmail.com,+92 6708707022,36,2.35
34K-9115,Amanda,Stone,64748-4310818-3,timothy86@gmail.com,+92 2087442209,57,2.73
42K-1095,Jessica,White,31004-3539406-3,michael00@gmail.com,+92 0067203523,91,2.76
73K-9559,Thomas,Warren,60763-3753087-9,udoyle@gmail.com,+92 1906201666,98,3.14
93K-9810,Thomas,Banks,21204-6218533-8,jeffrey38@gmail.com,+92 3960192042,58,3.4
16K-6728,Robert,Cobb,75662-4597063-3,jgonzalez@gmail.com,+92 2765697124,20,3.23
34K-7023,Elizabeth,Owens,87543-3447720-8,bradleywilliams@gmail.com,+92 2192121497,72,3.71
79K-8793,Jennifer,Fernandez,11098-1320049-2,karen22@gmail.com,+92 7979771229,88,2.21
98K-0988,Kathryn,Thompson,95113-2181698-4,ibarker@gmail.com,+92 9429859479,53,3.31
83K-5673,Paul,Ward,86371-2651378-2,iperez@gmail.com,+92 2048537886,71,2.95
33K-9840,Deborah,Martinez,67252-1250411-8,joseph01@gmail.com,+92 2488899424,117,3.24
73K-4862,Sarah,Camacho,28834-9414168-3,heatherlong@gmail.com,+92 4984513770,54,3.27
69K-5283,Michael,Clark,49378-3205239-4,stephaniedaniels@gmail.com,+92 3371250927,113,3.52
23K-1373,Chelsea,Moss,44392-0893609-6,crawfordtammy@gmail.com,+92 2045699724,65,3.54
30K-2752,Jennifer,Lane,79293-3277470-3,robert58@gmail.com,+92 2776617455,46,2.52
52K-7672,Shannon,Wade,87422-6933969-6,dianewilson@gmail.com,+92 2908492123,83,3.9
72K-1288,Heather,Patrick,45688-7999182-5,jennifersutton@gmail.com,+92 1163745476,86,3.64
44K-1105,Erik,May,26812-8413466-7,martinezjaime@gmail.com,+92 8287061075,31,3.69
92K-7599,Jamie,Ramirez,44643-7462429-4,andrewwelch@gmail.com,+92 8890703776,98,3.99
08K-6049,Zachary,Holmes,66323-3022375-8,lisamiranda@gmail.com,+92 6721881278,90,2.8
67K-9327,Jim,Herrera,91986-7996615-6,jonathanjordan@gmail.com,+92 1125286896,84,3.53
27K-0591,Brian,Hays,88473-1631449-6,heatherrodriguez@gmail.com,+92 5014035234,95,3.99
70K-4988,Lauren,Warren,67129-3735397-1,martinezkathleen@gmail.com,+92 4843202390,78,2.8
60K-3979,Cheryl,Webster,79223-2853142-6,ronaldgonzalez@gmail.com,+92 7150750083,69,3.49
20K-7885,Andrew,Medina,93947-5319166-4,brownnatalie@gmail.com,+92 1123895607,32,2.46
99K-8847,Linda,Dean,41172-7467523-5,richarddickerson@gmail.com,+92 9500501072,98,3.97
52K-8859,Daniel,Harvey,20901-5670086-6,agutierrez@gmail.com,+92 1233577218,77,3.4
95K-6641,Laura,Green,63476-4335219-5,larryalvarez@gmail.com,+92 4644586106,121,2.52
82K-9860,Paul,Martinez,99663-7577280-5,robinsonpamela@gmail.com,+92 1828565522,27,2.3
01K-8747,Melanie,Mora,21399-0431034-2,tony05@gmail.com,+92 9846513757,115,2.32
33K-9844,Micheal,Kirk,52388-2748081-2,halljeffery@gmail.com,+92 9224429727,101,3.88
20K-4133,Alex,James,81677-0071873-3,christopherfreeman@gmail.com,+92 2793365492,95,3.81
27K-2788,Stephen,Coleman,24654-5915313-6,jefferydavis@gmail.com,+92 6682696021,83,2.7
23K-9253,Andrew,Farley,80890-7266686-5,tracy73@gmail.com,+92 1496535528,19,2.71
12K-4054,Donna,Hood,45557-6120769-5,guzmanamy@gmail.com,+92 1765680532,101,2.6
54K-2160,James,Gross,10917-2265209-4,bsmith@gmail.com,+92 6803413457,52,3.55
01K-0616,Philip,Ferguson,56865-1207693-8,matthew98@gmail.com,+92 0247626535,116,2.76
58K-6302,Grace,Garcia,70748-4278408-2,ryanglass@gmail.com,+92 8161813920,23,3.26
54K-6279,Stacey,Warren,87499-8652211-1,simpsontaylor@gmail.com,+92 8866877885,52,2.93
86K-5937,Christina,Maxwell,93958-8932586-8,matthewbrown@gmail.com,+92 5994931679,93,3.93
83K-2049,Gabriel,Rodriguez,31824-8185453-3,bethjordan@gmail.com,+92 5445966317,104,2.14
72K-6165,Cynthia,Castillo,23629-3067346-5,castillokaren@gmail.com,+92 2994237094,69,3.14
20K-8207,Desiree,Graves,70432-4688265-4,heather01@gmail.com,+92 9967388219,95,3.6
91K-6335,Eric,Harrison,98738-0390171-6,lisa34@gmail.com,+92 2559270984,129,2.46
46K-9334,Rose,Williams,40820-3252465-4,bethanyjohnson@gmail.com,+92 0177059502,47,2.35
20K-1492,Jeffrey,Bryant,45265-1342362-5,slynn@gmail.com,+92 3106788778,88,2.7
73K-9071,Tina,Garza,43681-0062993-0,duffyjohn@gmail.com,+92 1316427953,26,2.33
73K-8968,Michael,Turner,55249-8971660-0,xmorales@gmail.com,+92 7336580975,30,2.83
45K-7121,Sean,Smith,97275-9571473-4,bethany61@gmail.com,+92 2403250348,91,2.62
42K-7305,Kimberly,Nelson,56625-2056308-8,ryan15@gmail.com,+92 1468590508,110,2.93
03K-1225,Tamara,Thomas,73592-7909122-0,donald18@gmail.com,+92 8243540794,45,2.22
59K-5186,Jerry,Johnson,76894-6457546-2,youngjustin@gmail.com,+92 6069602292,38,2.5
32K-6449,Gary,Holland,92290-4260468-9,sharon29@gmail.com,+92 8739419547,99,3.17
36K-9465,Jill,Shelton,54752-5696961-5,careysamantha@gmail.com,+92 3334597857,41,2.39
43K-0735,Troy,Palmer,61532-5134366-4,sullivanmatthew@gmail.com,+92 0698552687,123,2.4
67K-7309,Jacob,Hurley,67276-6394145-3,jasonhawkins@gmail.com,+92 1721330325,114,3.9
81K-6247,Tracy,Johnston,38820-0139827-1,cruzgeorge@gmail.com,+92 5388050306,38,3.1
61K-6547,Jessica,Ibarra,39873-8577803-2,kthomas@gmail.com,+92 0207093043,23,3.77
98K-0753,Kayla,Lynch,78779-8302507-7,lbryant@gmail.com,+92 2479092990,109,2.92
66K-6596,Kristy,Friedman,57834-0141688-1,zreed@gmail.com,+92 8665151750,31,2.24
05K-6924,Kyle,Rodriguez,44061-9405707-9,david30@gmail.com,+92 4880249630,50,2.79
33K-7405,John,Baker,23051-8197276-2,deborahellis@gmail.com,+92 5588034271,49,3.46
66K-4549,Amy,White,50980-1251705-7,popevanessa@gmail.com,+92 1780333845,117,3.4
21K-5941,Ryan,Bryant,44752-8771740-5,guerrerotodd@gmail.com,+92 0514565789,114,3.31
15K-0034,Mindy,Peters,97494-2121991-3,kenglish@gmail.com,+92 3010295010,84,2.18
55K-9101,Michael,Gates,21065-9109453-0,foxgregory@gmail.com,+92 2258823826,92,3.23
40K-8684,Megan,Soto,31352-4104040-5,tranjessica@gmail.com,+92 1492329849,19,2.64
10K-4977,Randy,Mendoza,97916-6933822-3,martin05@gmail.com,+92 4986556573,120,3.54
78K-1986,Teresa,Powell,94085-3476669-8,xpena@gmail.com,+92 3115112337,36,2.53
24K-9903,Darren,Ramirez,35000-9868299-9,andrewmartin@gmail.com,+92 6576422324,85,3.2
79K-1988,Arthur,Robbins,84682-3349367-2,qbyrd@gmail.com,+92 1933793662,84,2.8
60K-7507,Jennifer,Thomas,27291-8469266-2,richardsonmelanie@gmail.com,+92 3012690304,20,2.44
65K-7148,Lawrence,Taylor,98148-2598394-7,moorejoseph@gmail.com,+92 3538543783,122,3.31
98K-4700,Brittany,Mcdaniel,92031-3536632-1,bpage@gmail.com,+92 4354733367,75,2.36
03K-6956,Natasha,Marshall,49054-6545475-7,rcantu@gmail.com,+92 4511728083,71,2.22
93K-1233,Stuart,Clark,24200-2534496-7,smithsarah@gmail.com,+92 7607007951,34,3.37
19K-8994,Maureen,Mcdaniel,98676-5768864-5,crawfordjames@gmail.com,+92 9139352421,88,3.55
03K-9111,Victor,Wagner,13382-3026217-2,sguzman@gmail.com,+92 5449285437,107,2.54
59K-9174,William,Hernandez,92481-4956179-8,nstone@gmail.com,+92 3876962813,99,2.95
62K-0796,Laura,Bowman,48190-9312959-3,mjohnson@gmail.com,+92 8979790113,78,2.62
92K-6846,John,Thompson,28411-5400170-5,matthewbooth@gmail.com,+92 1687001766,20,2.58
79K-3434,Kelli,Watson,22168-6833545-9,psmith@gmail.com,+92 2267948865,34,2.8
73K-6730,Christy,Johnson,59776-2350699-3,thomas57@gmail.com,+92 6224242463,74,3.2
19K-2311,Julie,Davenport,68093-6692260-5,qyang@gmail.com,+92 6526880702,70,3.49
11K-5273,Ashley,Murphy,39790-2194324-9,edward36@gmail.com,+92 1785530870,98,2.27
20K-0306,James,Flynn,51492-6989722-3,watsonglenn@gmail.com,+92 6543968596,94,2.48
37K-4367,Ronald,Duncan,61958-0809358-2,brownrobert@gmail.com,+92 2356799267,111,3.59
32K-1667,Rebecca,Sims,58786-2400866-5,melissa36@gmail.com,+92 7742445203,73,3.19
58K-1786,Renee,Waters,78709-5594056-3,christopher13@gmail.com,+92 5851023345,100,3.79
62K-1144,Lindsay,Montgomery,22463-8870508-9,ybrown@gmail.com,+92 6517916027,128,3.93
15K-4164,Jill,Weber,55952-3866552-9,alexandermichael@gmail.com,+92 8208547146,84,3.1
69K-9078,John,Castillo,71038-3803794-9,jessica99@gmail.com,+92 6886742009,117,2.14
29K-1441,Shawn,Waters,99154-4359129-5,carlarichardson@gmail.com,+92 1956807406,77,2.75
40K-9659,Mark,Bray,69633-1828381-7,angelahardy@gmail.com,+92 6151480836,53,3.42
15K-0695,Julian,Smith,42946-5509513-0,rodriguezjessica@gmail.com,+92 8526074621,115,3.54
17K-5835,Wesley,Decker,31464-0535073-3,jmoore@gmail.com,+92 0506115354,20,2.74
58K-0297,Edwin,Cook,13172-8187578-0,abigailwilson@gmail.com,+92 5957884666,42,3.51
08K-4240,Mercedes,Griffith,22878-7138704-5,dylanberg@gmail.com,+92 1688619014,55,2.4
63K-5100,Alexandra,Coleman,77217-9468638-9,davidwerner@gmail.com,+92 4456821109,77,2.5
66K-2885,Latasha,Lewis,21960-7548537-9,colleen21@gmail.com,+92 4923678252,39,3.9
17K-6688,Tina,Gomez,39457-5159510-9,kevin49@gmail.com,+92 1571383634,98,2.94
09K-6747,Maria,Fuentes,24661-3716977-5,brandon95@gmail.com,+92 1998309024,115,2.77
92K-3368,Kristin,Fields,86491-5183444-7,phenderson@gmail.com,+92 8022795626,125,3.0
05K-2150,Lisa,Gonzalez,96577-7195429-7,stephanie75@gmail.com,+92 2422373783,122,3.78
04K-1681,Madison,Owens,99858-9837629-1,douglas84@gmail.com,+92 7516268393,38,3.3
37K-2545,Brittany,Meyer,45839-4284372-1,tyler07@gmail.com,+92 9241602688,57,2.81
90K-4748,Ronald,Erickson,10308-5543337-0,lauranelson@gmail.com,+92 0194804106,106,3.59
52K-4209,Christopher,Hutchinson,20396-4595407-3,anthony80@gmail.com,+92 7365513567,99,2.79
70K-1241,Autumn,Hayes,97676-9844041-8,mitchellkatherine@gmail.com,+92 6504621555,127,3.77
28K-5950,Vanessa,Rangel,13285-8103633-6,lisadavis@gmail.com,+92 2845158040,118,2.49
65K-9151,Melinda,Alvarado,88292-3384804-6,chapmanjeremy@gmail.com,+92 9452479767,104,3.53
30K-8964,Teresa,Green,16386-4909688-0,sandra47@gmail.com,+92 0908849047,105,3.56
04K-1487,Sherri,Torres,78455-7063581-9,sphillips@gmail.com,+92 3758326888,91,3.96
36K-1218,Randy,Davis,87032-3740764-7,cameron13@gmail.com,+92 2535548482,33,3.7
05K-3363,Ryan,Sandoval,22187-5292295-4,baileyjacob@gmail.com,+92 9162787212,106,3.44
97K-6584,Dawn,Greene,28198-1939727-0,krichardson@gmail.com,+92 3572913413,70,3.58
87K-5902,Gina,Conrad,44185-1918684-5,washingtonteresa@gmail.com,+92 4532366411,84,3.19
84K-6891,Monique,Gordon,87322-8959103-3,timothymoon@gmail.com,+92 5425847925,28,2.43
82K-8707,Robert,White,92353-3563830-0,emily81@gmail.com,+92 4730692186,23,2.32
39K-9755,William,Barnes,45248-4751399-7,rhonda33@gmail.com,+92 5479984951,90,2.0
62K-8556,Amanda,Young,31081-8984510-5,blove@gmail.com,+92 2432320967,129,2.61
13K-8300,Thomas,Salazar,85808-5331537-1,ramirezchristopher@gmail.com,+92 2690428981,72,2.75
21K-2666,Reginald,Perry,60607-8452475-8,davidboone@gmail.com,+92 1880741136,23,2.51
99K-6749,Tony,Acevedo,32386-5089217-2,michael40@gmail.com,+92 4887156402,110,2.12
31K-7299,Mary,Ward,85740-0282470-8,owalton@gmail.com,+92 1341196681,116,2.79
98K-1257,Katie,Vargas,23861-1615709-3,justinmorales@gmail.com,+92 0506055236,93,2.3
31K-7952,Chelsea,Orr,10522-8461442-8,cohenmelissa@gmail.com,+92 7910693914,110,3.18
27K-7931,Charles,Bender,29798-8373882-2,valerie72@gmail.com,+92 1856065510,47,2.61
29K-6411,Vincent,Gardner,33248-6859796-4,serranoluke@gmail.com,+92 8692505774,72,3.77
84K-3550,Kevin,Leonard,67368-7027823-2,gstewart@gmail.com,+92 1430172880,44,2.85
18K-4576,Tiffany,Gilbert,25444-5540241-1,hernandezjohnny@gmail.com,+92 2679497457,80,2.98
97K-2108,Derrick,Nelson,45614-2174008-8,christineroberts@gmail.com,+92 5211091925,63,3.16
04K-3391,Emily,Burke,88512-6799549-1,marshallkimberly@gmail.com,+92 3182596035,43,3.65
11K-7270,Dylan,Roberts,29030-5308595-6,pattyperez@gmail.com,+92 6550182216,57,2.26
04K-7848,Howard,Soto,42856-4625752-0,johnsondaniel@gmail.com,+92 4129550707,19,3.63
96K-8871,Kathryn,Mcdaniel,75698-2728857-5,kevinstone@gmail.com,+92 8951834742,17,3.87
60K-2802,Robert,Hawkins,81518-6401541-7,tammy71@gmail.com,+92 9614187973,42,2.91
79K-7345,Lynn,Mccormick,89219-5798379-1,melody72@gmail.com,+92 1807161774,85,3.55
00K-7291,Sharon,Lin,77129-6206918-6,bphillips@gmail.com,+92 1133314847,102,3.47
15K-7325,Sara,Moran,91519-1002713-8,thomas09@gmail.com,+92 8642575949,77,2.33
40K-1221,Melinda,Young,41540-0491791-7,mullinssamantha@gmail.com,+92 3981015523,93,2.99
59K-4132,Thomas,Velasquez,37087-5410228-3,marynguyen@gmail.com,+92 9580975577,79,3.2
82K-3391,Colton,Hickman,34208-3912274-2,ypowell@gmail.com,+92 2901532346,76,3.68
58K-3272,Austin,Carr,26446-1356217-6,gallen@gmail.com,+92 2076115073,87,3.37
12K-6073,Cynthia,Barron,20569-8721396-4,bgallegos@gmail.com,+92 6316714714,64,3.6
43K-4766,Rachel,Terry,49590-9566316-0,rogersjennifer@gmail.com,+92 4880333813,88,3.59
37K-1069,Teresa,Foster,69133-1694108-5,alexanderwatkins@gmail.com,+92 7796589479,97,2.85
79K-6252,Veronica,Hernandez,85055-6846056-4,matthew38@gmail.com,+92 5993634216,124,2.77
34K-8951,Andrew,Richardson,45853-2796401-8,areid@gmail.com,+92 1089612923,128,2.87
78K-3631,William,Underwood,47322-8264243-4,matthew76@gmail.com,+92 4724664435,53,3.4
98K-1372,Maureen,Sparks,53018-8546776-5,caitlin14@gmail.com,+92 0858560779,31,3.45
88K-1941,David,Baldwin,84423-5991036-9,garrettcourtney@gmail.com,+92 6082821416,32,3.67
00K-3942,James,Ramirez,84743-6484317-4,laurenmills@gmail.com,+92 8123751951,47,2.53
15K-0737,Amber,Mosley,70866-6993094-2,cisnerossierra@gmail.com,+92 4030241628,74,3.47
01K-0395,Barbara,Stanley,65591-6752637-9,cindywade@gmail.com,+92 9233027865,46,3.14
71K-0645,Alyssa,Hughes,63130-8609032-0,sarah70@gmail.com,+92 3773720076,105,2.64
79K-9302,Brad,Carroll,15473-3885336-6,ishaw@gmail.com,+92 0327935315,86,2.65
37K-0192,George,Kim,52710-1799843-0,clarkbrittany@gmail.com,+92 4628552276,97,2.61
82K-0236,Joseph,Davis,15491-9892632-1,laura23@gmail.com,+92 3591004287,52,2.14
63K-5549,Sean,Hatfield,18695-7292377-9,patricktodd@gmail.com,+92 3802691348,127,3.34
44K-3834,Jeffrey,Watson,64468-4805487-3,colezachary@gmail.com,+92 5381118301,28,2.62
06K-9299,Sharon,Hawkins,75531-9870651-6,twilliams@gmail.com,+92 9599623904,90,3.7
86K-2716,Cynthia,Martinez,15243-4026779-0,mpreston@gmail.com,+92 2166920392,82,2.1
46K-1220,Crystal,Robinson,75297-8330378-4,anthonyhodges@gmail.com,+92 7783678486,57,3.19
69K-9217,Deborah,Santiago,25118-3292726-2,brownmaurice@gmail.com,+92 9480126820,94,3.15
61K-9945,Matthew,Schmidt,29307-3795650-7,stuartjason@gmail.com,+92 7120027004,122,2.11
06K-2751,Rachel,Swanson,86903-5467342-5,opalmer@gmail.com,+92 4771541103,22,2.5
86K-6794,Maria,Durham,20640-2164096-9,ujackson@gmail.com,+92 0327592028,47,3.9
43K-5800,Chase,Nguyen,13381-2425070-4,jenkinsrita@gmail.com,+92 5448206269,34,2.26
21K-3033,Alex,Smith,89868-7215497-7,erickhan@gmail.com,+92 3985357449,28,2.9
33K-7715,Kim,Garcia,66186-2223652-0,debbiesims@gmail.com,+92 1054539614,22,3.5
23K-3010,Scott,Gentry,24950-7250970-0,brewerdanielle@gmail.com,+92 8762873012,59,3.1
